[
    {
      "index": 0,
      "questionType": "single-choice",
      "question": "Which type of file system is created by mkfs when it is executed with the block device name only and without any additional parameters?",
      "options": ["A. XFS", "B. VFAT", "C. ext2", "D. ext3", "E. ext4"],
      "correctAnswer": ["C"]
    },
    {
      "index": 1,
      "questionType": "single-choice",
      "question": "Which umask value ensures that new directories can be read, written and listed by their owning user, read and listed by their owning group and are not accessible at all for everyone else?",
      "options": ["A. 0750", "B. 0027", "C. 0036", "D. 7640", "E. 0029"],
      "correctAnswer": ["B"]
    },
    {
      "index": 2,
      "questionType": "single-choice",
      "question": "Which of the following commands changes the number of days before the ext3 filesystem on /dev/sda1 has to run through a full filesystem check while booting?",
      "options": [
        "A. tune2fs -d 200 /dev/sda1",
        "B. tune2fs -i 200 /dev/sda1",
        "C. tune2fs -c 200 /dev/sda1",
        "D. tune2fs -n 200 /dev/sda1",
        "E. tune2fs --days 200 /dev/sda1"
      ],
      "correctAnswer": ["B"]
    },
    {
      "index": 3,
      "questionType": "single-choice",
      "question": "Which is the default percentage of reserved space for the root user on new ext4 filesystems?",
      "options": ["A. 10%", "B. 3%", "C. 15%", "D. 0%", "E. 5%"],
      "correctAnswer": ["E"]
    },
    {
      "index": 4,
      "questionType": "single-choice",
      "question": "Which of the following is true when a file system, which is neither listed in /etc/fstab nor known to system, is mounted manually?",
      "options": [
        "A. systemd ignores any manual mounts which are not done using the systemctl mount command",
        "B. The command systemctl mountsync can be used to create a mount unit based on the existing mount",
        "C. systemd automatically generates a mount unit and monitors the mount point without changing it",
        "D. Unless a systemd mount unit is created, systemd unmounts the file system after a short period of time",
        "E. systemctl unmount must be used to remove the mount because system opens a file descriptor on the mount point"
      ],
      "correctAnswer": ["C"]
    },
    {
      "index": 5,
      "questionType": "fill-in",
      "question": "Which program updates the database that is used by the locate command? (Specify ONLY the command without any path or parameters).",
      "options": [],
      "correctAnswer": ["updatedb"]
    },
    {
      "index": 6,
      "questionType": "single-choice",
      "question": "What does the command mount --bind do?",
      "options": [
        "A. It makes the contents of one directory available in another directory",
        "B. It mounts all available filesystems to the current directory",
        "C. It mounts all user mountable filesystems to the user\u2019s home directory",
        "D. It mounts all file systems listed in /etc/fstab which have the option userbindset",
        "E. It permanently mounts a regular file to a directory"
      ],
      "correctAnswer": ["A"]
    },
    {
      "index": 7,
      "questionType": "single-choice",
      "question": "Consider the following output from the command ls -i: 525385 a.txt How would a new file named c.txt be created with the same inode number as a.txt (Inode 525385)?",
      "options": [
        "A. ln -h a.txt c.txt",
        "B. ln c.txt a.txt",
        "C. ln a.txt c.txt",
        "D. ln -f c.txt a.txt",
        "E. ln -i 525385 c.txt"
      ],
      "correctAnswer": ["C"]
    },
    {
      "index": 8,
      "questionType": "multiple-choice",
      "question": "Consider the following directory: drwxrwxr-x 2 root sales 4096 Jan 1 15:21 sales Which command ensures new files created within the directory sales are owned by the group sales? (Choose two.)",
      "options": [
        "A. chmod g+s sales",
        "B. setpol -R newgroup=sales sales",
        "C. chgrp -p sales sales",
        "D. chown --persistent *.sales sales",
        "E. chmod 2775 sales"
      ],
      "correctAnswer": ["A", "E"]
    },
    {
      "index": 9,
      "questionType": "multiple-choice",
      "question": "In order to display all currently mounted filesystems, which of the following commands could be used? (Choose two.)",
      "options": [
        "A. cat /proc/self/mounts",
        "B. free",
        "C. lsmounts",
        "D. mount",
        "E. cat /proc/filesystems"
      ],
      "correctAnswer": ["A", "D"]
    },
    {
      "index": 10,
      "questionType": "fill-in",
      "question": "Which command displays the current disk space usage for all mounted file systems? (Specify ONLY the command without any path or parameters.)",
      "options": [],
      "correctAnswer": ["df"]
    },
    {
      "index": 11,
      "questionType": "single-choice",
      "question": "Which chown command changes the ownership to dave and the group to staff on a file named data.txt?",
      "options": [
        "A. chown dave/staff data.txt",
        "B. chown -u dave -g staff data.txt",
        "C. chown --user dave --group staff data.txt",
        "D. chown dave+staff data.txt",
        "E. chown dave:staff data.txt"
      ],
      "correctAnswer": ["E"]
    },
    {
      "index": 12,
      "questionType": "single-choice",
      "question": "When considering the use of hard links, what are valid reasons not to use hard links?",
      "options": [
        "A. Hard links are not available on all Linux systems because traditional filesystems, such as ext4, do not support them",
        "B. Each hard link has individual ownership, permissions and ACLs which can lead to unintended disclosure of file content",
        "C. Hard links are specific to one filesystem and cannot point to files on another filesystem",
        "D. If users other than root should be able to create hard links, suln has to be installed and configured",
        "E. When a hard linked file is changed, a copy of the file is created and consumes additional space"
      ],
      "correctAnswer": ["C"]
    },
    {
      "index": 13,
      "questionType": "single-choice",
      "question": "In compliance with the FHS, in which of the directories are man pages found?",
      "options": [
        "A. /opt/man/",
        "B. /usr/doc/",
        "C. /usr/share/man/",
        "D. /var/pkg/man",
        "E. /var/man/"
      ],
      "correctAnswer": ["C"]
    },
    {
      "index": 14,
      "questionType": "fill-in",
      "question": "Which file in the /proc filesystem lists parameters passed from the bootloader to the kernel? (Specify the file name only without any path.)",
      "options": [],
      "correctAnswer": ["cmdline"]
    },
    {
      "index": 15,
      "questionType": "single-choice",
      "question": "What is the process ID number of the init process on a System V init based system?",
      "options": [
        "A. -1",
        "B. 0",
        "C. 1",
        "D. It is different with each reboot",
        "E. It is set to the current run level"
      ],
      "correctAnswer": ["C"]
    },
    {
      "index": 16,
      "questionType": "single-choice",
      "question": "Which daemon handles power management events on a Linux system?",
      "options": ["A. acpid", "B. batteryd", "C. pwrmgntd", "D. psd", "E. inetd"],
      "correctAnswer": ["A"]
    },
    {
      "index": 17,
      "questionType": "multiple-choice",
      "question": "Which of the following statements are true about the boot sequence of a PC using a BIOS? (Choose two.)",
      "options": [
        "A. Some parts of the boot process can be configured from the BIOS",
        "B. Linux does not require the assistance of the BIOS to boot a computer",
        "C. The BIOS boot process starts only if secondary storage, such as the hard disk, is functional",
        "D. The BIOS initiates the boot process after turning the computer on",
        "E. The BIOS is started by loading hardware drivers from secondary storage, such as the hard disk"
      ],
      "correctAnswer": ["A", "D"]
    },
    {
      "index": 18,
      "questionType": "multiple-choice",
      "question": "What is true regarding UEFI firmware? (Choose two.)",
      "options": [
        "A. It can read and interpret partition tables",
        "B. It can use and read certain file systems",
        "C. It stores its entire configuration on the /boot/ partition",
        "D. It is stored in a special area within the GPT metadata",
        "E. It is loaded from a fixed boot disk position"
      ],
      "correctAnswer": ["A", "B"]
    },
    {
      "index": 19,
      "questionType": "single-choice",
      "question": "A faulty kernel module is causing issues with a network interface card. Which of the following actions ensures that this module is not loaded automatically when the system boots?",
      "options": [
        "A. Using lsmod --remove --autocleanwithout specifying the name of a specific module",
        "B. Using modinfo -kfollowed by the name of the offending module",
        "C. Using modprobe -rfollowed by the name of the offending module",
        "D. Adding a blacklist line including the name of the offending module to the file /etc/modprobe.d/blacklist.conf",
        "E. Deleting the kernel module\u2019s directory from the file system and recompiling the kernel, including its modules"
      ],
      "correctAnswer": ["D"]
    },
    {
      "index": 20,
      "questionType": "multiple-choice",
      "question": "When is the content of the kernel ring buffer reset? (Choose two.)",
      "options": [
        "A. When the ring buffer is explicitly reset using the command dmesg --clear",
        "B. When the ring buffer is read using dmesg without any additional parameters",
        "C. When a configurable amount of time, 15 minutes by default, has passed",
        "D. When the kernel loads a previously unloaded kernel module",
        "E. When the system is shut down or rebooted"
      ],
      "correctAnswer": ["A", "E"]
    },
    {
      "index": 21,
      "questionType": "single-choice",
      "question": "What is the first program the Linux kernel starts at boot time when using System V init?",
      "options": [
        "A. /lib/init.so",
        "B. /proc/sys/kernel/init",
        "C. /etc/rc.d/rcinit",
        "D. /sbin/init",
        "E. /boot/init"
      ],
      "correctAnswer": ["D"]
    },
    {
      "index": 22,
      "questionType": "single-choice",
      "question": "A Debian package creates several files during its installation. Which of the following commands searches for packages owning the file /etc/debian_version?",
      "options": [
        "A. apt-get search /etc/debian_version",
        "B. apt -r /etc/debian_version",
        "C. find /etc/debian_version -dpkg",
        "D. dpkg -S  /etc/debian_version",
        "E. apt-file /etc/debian_version"
      ],
      "correctAnswer": ["D"]
    },
    {
      "index": 23,
      "questionType": "single-choice",
      "question": "What is contained on the EFI System Partition?",
      "options": [
        "A. The Linux root file system",
        "B. The first stage boot loader",
        "C. The default swap space file",
        "D. The Linux default shell binaries",
        "E. The user home directories"
      ],
      "correctAnswer": ["B"]
    },
    {
      "index": 24,
      "questionType": "multiple-choice",
      "question": "Which of the following directories on a 64 bit Linux system typically contain shared libraries? (Choose two.)",
      "options": [
        "A. ~/.lib64/",
        "B. /usr/lib64/",
        "C. /var/lib64/",
        "D. /lib64/",
        "E. /opt/lib64/"
      ],
      "correctAnswer": ["B", "D"]
    },
    {
      "index": 25,
      "questionType": "multiple-choice",
      "question": "Which of the following files exist in a standard GRUB 2 installation? (Choose two.)",
      "options": [
        "A. /boot/grub/stages/stage0",
        "B. /boot/grub/i386-pc/lvm.mod",
        "C. /boot/grub/fstab",
        "D. /boot/grub/grub.cfg",
        "E. /boot/grub/linux/vmlinuz"
      ],
      "correctAnswer": ["B", "D"]
    },
    {
      "index": 26,
      "questionType": "single-choice",
      "question": "Which of the following commands installs all packages with a name ending with the string foo?",
      "options": [
        "A. zypper get \"*foo\"",
        "B. zypper update \"foo?\"",
        "C. zypper force \"foo*\"",
        "D. zypper install \"*foo\"",
        "E. zypper add \".*foo\""
      ],
      "correctAnswer": ["D"]
    },
    {
      "index": 27,
      "questionType": "multiple-choice",
      "question": "Which of the following properties of a Linux system should be changed when a virtual machine is cloned? (Choose two.)",
      "options": [
        "A. The partitioning scheme",
        "B. The file system",
        "C. The D-Bus Machine ID",
        "D. The permissions of /root/",
        "E. The SSH host keys"
      ],
      "correctAnswer": ["C", "E"]
    },
    {
      "index": 28,
      "questionType": "single-choice",
      "question": "Which of the following commands installs GRUB 2 into the master boot record on the third hard disk?",
      "options": [
        "A. grub2 install /dev/sdc",
        "B. grub-mkrescue /dev/sdc",
        "C. grub-mbrinstall /dev/sdc",
        "D. grub-setup /dev/sdc",
        "E. grub-install /dev/sdc"
      ],
      "correctAnswer": ["E"]
    },
    {
      "index": 29,
      "questionType": "single-choice",
      "question": "Which of the following partition types is used for Linux swap spaces when partitioning hard disk drives?",
      "options": ["A. 7", "B. 82", "C. 83", "D. 8e", "E. fd"],
      "correctAnswer": ["B"]
    },
    {
      "index": 30,
      "questionType": "multiple-choice",
      "question": "What is true regarding the configuration of yum? (Choose two.)",
      "options": [
        "A. Changes to the repository configuration become active after running yum confupdate",
        "B. Changes to the yum configuration become active after restarting the yumd service",
        "C. The configuration of package repositories can be divided into multiple files",
        "D. Repository configurations can include variables such as $basearch or $releasever",
        "E. In case /etc/yum.repos.d/ contains files, /etc/yum.config ignored"
      ],
      "correctAnswer": ["C", "D"]
    },
    {
      "index": 31,
      "questionType": "single-choice",
      "question": "Which of the following apt-get subcommands installs the newest versions of all currently installed packages?",
      "options": [
        "A. auto-update",
        "B. dist-upgrade",
        "C. full-upgrade",
        "D. install",
        "E. update"
      ],
      "correctAnswer": ["B"]
    },
    {
      "index": 32,
      "questionType": "single-choice",
      "question": "Which command uninstalls a package but keeps its configuration files in case the package is re-installed?",
      "options": [
        "A. dpkg -s pkgname",
        "B. dpkg -L pkgname",
        "C. dpkg -P pkgname",
        "D. dpkg -v pkgname",
        "E. dpkg -r pkgname"
      ],
      "correctAnswer": ["E"]
    },
    {
      "index": 33,
      "questionType": "single-choice",
      "question": "Which of the following commands lists the dependencies of the RPM package file foo.rpm?",
      "options": [
        "A. rpm -qpR foo.rpm",
        "B. rpm -dep foo",
        "C. rpm -ld foo.rpm",
        "D. rpm -R foo.rpm",
        "E. rpm -pD foo"
      ],
      "correctAnswer": ["A"]
    },
    {
      "index": 34,
      "questionType": "single-choice",
      "question": "What is the maximum niceness value that a regular user can assign to a process with the nice command when executing a new process?",
      "options": ["A. 9", "B. 15", "C. 19", "D. 49", "E. 99"],
      "correctAnswer": ["C"]
    },
    {
      "index": 35,
      "questionType": "multiple-choice",
      "question": "Which of the following commands list all files and directories within the /tmp/ directory and its subdirectories which are owned by the user root? (Choose two.)",
      "options": [
        "A. find /tmp -user root -print",
        "B. find -path /tmp -uid root",
        "C. find /tmp -uid root -print",
        "D. find /tmp -user root",
        "E. find -path /tmp -user root -print"
      ],
      "correctAnswer": ["A", "D"]
    },
    {
      "index": 36,
      "questionType": "multiple-choice",
      "question": "Which of the following are valid stream redirection operators within Bash? (Choose two.)",
      "options": ["A. <", "B. #>", "C. %>", "D. >>>", "E. 2>&1"],
      "correctAnswer": ["A", "E"]
    },
    {
      "index": 37,
      "questionType": "single-choice",
      "question": "Which of the following vi commands deletes two lines, the current and the following line?",
      "options": ["A. d2", "B. 2d", "C. 2dd", "D. dd2", "E. de12"],
      "correctAnswer": ["C"]
    },
    {
      "index": 38,
      "questionType": "single-choice",
      "question": "The command dbmaint & was used to run dbmaint in the background. However, dbmaint is terminated after logging out of the system. Which alternative dbmaint invocation lets dbmaint continue to run, even when the user, running the program, logs out?",
      "options": [
        "A. job -b dmaint",
        "B. dbmaint &>/dev/pts/null",
        "C. nohup dbmaint &",
        "D. bg dbmaint",
        "E. wait dbmaint"
      ],
      "correctAnswer": ["C"]
    },
    {
      "index": 39,
      "questionType": "multiple-choice",
      "question": "From a Bash shell, which of the following commands directly execute the instructions from the file /usr/local/bin/runme.sh without starting a subshell? (Choose two.)",
      "options": [
        "A. source /usr/local/bin/runme.sh",
        "B. /usr/local/bin/runme.sh",
        "C. /bin/bash /usr/local/bin/runme.sh",
        "D. .  /usr/local/bin/runme.sh",
        "E. run /usr/local/bin/runme.sh"
      ],
      "correctAnswer": ["A", "D"]
    },
    {
      "index": 40,
      "questionType": "fill-in",
      "question": "Which program runs a command in specific intervals and refreshes the display of the program\u2019s output? (Specify ONLY the command without any path or parameters.)",
      "options": [],
      "correctAnswer": ["watch"]
    },
    {
      "index": 41,
      "questionType": "single-choice",
      "question": "Immediately after deleting 3 lines of text in vi and moving the cursor to a different line, which single character command will insert the deleted content below the current line?",
      "options": [
        "A. i (lowercase)",
        "B. p (lowercase)",
        "C. P (uppercase)",
        "D. U (uppercase)",
        "E. u (lowercase)"
      ],
      "correctAnswer": ["B"]
    },
    {
      "index": 42,
      "questionType": "single-choice",
      "question": "Which of the following commands changes all CR-LF line breaks in the text file userlist.txt to Linux standard LF line breaks and stores the result in newlist.txt?",
      "options": [
        "A. tr -d '\\r' < userlist.txt > newlist.txt",
        "B. tr -c '\\n\\r' '' <newlist.txt> userlist.txt",
        "C. tr '\\r\\n' '' <userlist.txt> newlist.txt",
        "D. tr '\\r' '\\n' userlist.txt newlist.txt",
        "E. tr -s '/^M/^J/' userlist.txt newlist.txt"
      ],
      "correctAnswer": ["A"]
    },
    {
      "index": 43,
      "questionType": "single-choice",
      "question": "Given the following input stream: txt1.txt atxt.txt txtB.txt Which of the following regular expressions turns this input stream into the following output stream? txt1.bak.txt atxt.bak.txt txtB.bak.txt",
      "options": [
        "A. s/^.txt/.bak/",
        "B. s/txt/bak.txt/",
        "C. s/txt$/bak.txt/",
        "D. s/^txt$/.bak^/",
        "E. s/[.txt]/.bak$1/"
      ],
      "correctAnswer": ["C"]
    },
    {
      "index": 44,
      "questionType": "single-choice",
      "question": "Which command must be entered before exiting vi to save the current file as filea.txt?",
      "options": [
        "A. %s filea.txt",
        "B. %w filea.txt",
        "C. :save filea.txt",
        "D. :w filea.txt",
        "E. :s filea.txt"
      ],
      "correctAnswer": ["D"]
    },
    {
      "index": 45,
      "questionType": "single-choice",
      "question": "Which of the following signals is sent to a process when the key combination Ctrl+C is pressed on the keyboard?",
      "options": [
        "A. SIGTERM",
        "B. SIGCONT",
        "C. SIGSTOP",
        "D. SIGKILL",
        "E. SIGINT"
      ],
      "correctAnswer": ["E"]
    },
    {
      "index": 46,
      "questionType": "single-choice",
      "question": "Which of the following commands displays the output of the foo command on the screen and also writes it to a file called /tmp/foodata?",
      "options": [
        "A. foo | less /tmp/foodata",
        "B. foo | cp /tmp/foodata",
        "C. foo > /tmp/foodata",
        "D. foo | tee /tmp/foodata",
        "E. foo > stdout >> /tmp/foodata"
      ],
      "correctAnswer": ["D"]
    },
    {
      "index": 47,
      "questionType": "single-choice",
      "question": "What output will be displayed when the user fred executes the following command? echo 'fred $USER\u2019",
      "options": [
        "A. fred fred",
        "B. fred /home/fred/",
        "C. 'fred $USER\u2019",
        "D. fred $USER",
        "E. 'fred fred\u2019"
      ],
      "correctAnswer": ["D"]
    },
    {
      "index": 48,
      "questionType": "single-choice",
      "question": "Which of the following commands displays the path to the executable file that would be executed when the command foo is invoked?",
      "options": [
        "A. lsattr foo",
        "B. apropos foo",
        "C. locate foo",
        "D. whatis foo",
        "E. which foo"
      ],
      "correctAnswer": ["E"]
    },
    {
      "index": 49,
      "questionType": "single-choice",
      "question": "When redirecting the output of find to the xargs command, what option to find is useful if the filenames contain spaces?",
      "options": [
        "A. -rep-space",
        "B. -printnul",
        "C. -nospace",
        "D. -ignore-space",
        "E. -print0"
      ],
      "correctAnswer": ["E"]
    },
    {
      "index": 50,
      "questionType": "multiple-choice",
      "question": "Which of the following commands can be used to determine how long the system has been running? (Choose two.)",
      "options": ["A. uptime", "B. up", "C. time --up", "D. uname -u", "E. top"],
      "correctAnswer": ["A", "E"]
    },
    {
      "index": 51,
      "questionType": "single-choice",
      "question": "What is true regarding the command ls > files if files does not exist?",
      "options": [
        "A. The output of ls is printed to the terminal",
        "B. files is created and contains the output of ls",
        "C. An error message is shown and ls is not executed",
        "D. The command files is executed and receives the output of ls",
        "E. Any output of ls is discarded"
      ],
      "correctAnswer": ["B"]
    },
    {
      "index": 52,
      "questionType": "single-choice",
      "question": "Which of the following files, located in a user\u2019s home directory, contains the Bash history?",
      "options": [
        "A. .bashrc_history",
        "B. .bash_histfile",
        "C. .history",
        "D. .bash_history",
        "E. .history_bash"
      ],
      "correctAnswer": ["D"]
    },
    {
      "index": 53,
      "questionType": "multiple-choice",
      "question": "Which wildcards will match the following filenames? (Choose two.) ttyS0 ttyS1 ttyS2",
      "options": [
        "A. ttyS[1-5]",
        "B. tty?[0-5]",
        "C. tty*2",
        "D. tty[A-Z][012]",
        "E. tty[Ss][02]"
      ],
      "correctAnswer": ["B", "D"]
    },
    {
      "index": 54,
      "questionType": "single-choice",
      "question": "Which of the following commands redirects the output of ls to standard error?",
      "options": [
        "A. ls >-1",
        "B. ls <<ERR",
        "C. ls >&2",
        "D. ls >>2",
        "E. ls |error"
      ],
      "correctAnswer": ["C"]
    },
    {
      "index": 55,
      "questionType": "single-choice",
      "question": "Which of the following commands displays the contents of a gzip compressed tar archive?",
      "options": [
        "A. gzip archive.tgz | tar xvf",
        "B. tar -fzt archive.tgz",
        "C. gzip -d archive.tgz | tar tvf",
        "D. tar cf archive.tgz",
        "E. tar ztf archive.tgz"
      ],
      "correctAnswer": ["E"]
    },
    {
      "index": 56,
      "questionType": "single-choice",
      "question": "Which of the following commands prints a list of usernames (first column) and their primary group (fourth column) from the /etc/passwd file?",
      "options": [
        "A. fmt -f 1,4 /etc/passwd",
        "B. cut -d : -f 1,4 /etc/passwd",
        "C. sort -t : -k 1,4 /etc/passwd",
        "D. paste -f 1,4 /etc/passwd",
        "E. split -c 1,4 /etc/passwd"
      ],
      "correctAnswer": ["B"]
    },
    {
      "index": 57,
      "questionType": "single-choice",
      "question": "Which of the following regular expressions represents a single upper-case letter?",
      "options": ["A. :UPPER:", "B. [A-Z]", "C. !a-z", "D. %C", "E. {AZ}"],
      "correctAnswer": ["B"]
    },
    {
      "index": 58,
      "questionType": "fill-in",
      "question": "Which command is used to start another command with a given nice level? (Specify ONLY the command without any path or parameters.)",
      "options": [],
      "correctAnswer": ["nice"]
    },
    {
      "index": 59,
      "questionType": "single-choice",
      "question": "Given a log file loga.log with timestamps of the format DD/MM/YYYY:hh:mm:ss, which command filters out all log entries in the time period between 8:00 am and 8:59 am?",
      "options": [
        "A. grep -E ':08:[09]+:[09]+\u2019 loga.log",
        "B. grep -E ':08:[00]+\u2019 loga.log",
        "C. grep -E loga.log ':08:[0-9]+:[0-9]+\u2019",
        "D. grep loga.log ':08:[0-9]:[0-9]\u2019",
        "E. grep -E ':08:[0-9]+:[0-9]+\u2019 loga.log"
      ],
      "correctAnswer": ["E"]
    },
    {
      "index": 60,
      "questionType": "multiple-choice",
      "question": "Instead of supplying an explicit device in /etc/fstab for mounting, what other options may be used to identify the intended partition? (Choose two.)",
      "options": ["A. LABEL", "B. ID", "C. FIND", "D. NAME", "E. UUID"],
      "correctAnswer": ["A", "E"]
    },
    {
      "index": 61,
      "questionType": "single-choice",
      "question": "A yum repository can declare sets of related packages. Which yum command installs all packages belonging to the group admintools?",
      "options": [
        "A. yum pkgsel --install admintools",
        "B. yum install admintools/*",
        "C. yum groupinstall admintools",
        "D. yum taskinstall admintools",
        "E. yum collection install admintools"
      ],
      "correctAnswer": ["C"]
    },
    {
      "index": 62,
      "questionType": "fill-in",
      "question": "What directory contains configuration files for additional yum repositories? (Specify the full path to the directory.)",
      "options": [],
      "correctAnswer": ["/etc/yum.repos.d"]
    },
    {
      "index": 63,
      "questionType": "single-choice",
      "question": "Which of the following commands installs the GRUB boot files into the currently active file systems and the boot loader into the first partition of the first disk?",
      "options": [
        "A. grub-install /dev/sda",
        "B. grub-install /dev/sda1",
        "C. grub-install current /dev/sda0",
        "D. grub-install /dev/sda0",
        "E. grub-install current /dev/sda1"
      ],
      "correctAnswer": ["B"]
    },
    {
      "index": 64,
      "questionType": "multiple-choice",
      "question": "Which of the following files are found in the /boot/ filesystem? (Choose two.)",
      "options": [
        "A. Linux kernel images",
        "B. Bash shell binaries",
        "C. systemd target and service units",
        "D. Initial ramdisk images",
        "E. fsck binaries"
      ],
      "correctAnswer": ["A", "D"]
    },
    {
      "index": 65,
      "questionType": "single-choice",
      "question": "Which file defines the network locations from where the Debian package manager downloads software packages?",
      "options": [
        "A. /etc/dpkg/dpkg.cfg",
        "B. /etc/apt/apt.conf.d",
        "C. /etc/apt/apt.conf",
        "D. /etc/dpkg/dselect.cfg",
        "E. /etc/apt/sources.list"
      ],
      "correctAnswer": ["E"]
    },
    {
      "index": 66,
      "questionType": "single-choice",
      "question": "When removing a package on a system using dpkg package management, which dpkg option ensures configuration files are removed as well?",
      "options": [
        "A. --clean",
        "B. --purge",
        "C. --vacuum",
        "D. --remove",
        "E. --declare"
      ],
      "correctAnswer": ["B"]
    },
    {
      "index": 67,
      "questionType": "multiple-choice",
      "question": "Which of the following statements are correct when comparing Linux containers with traditional virtual machines (e.g. LXC vs. KVM)? (Choose three.)",
      "options": [
        "A. Containers are a lightweight virtualization method where the kernel controls process isolation and resource management.",
        "B. Fully virtualized machines can run any operating system for a specific hardware architecture within the virtual machine.",
        "C. Containers are completely decoupled from the host system\u2019s physical hardware and can only use emulated virtual hardware devices.",
        "D. The guest environment for fully virtualized machines is created by a hypervisor which provides virtual and emulated hardware devices.",
        "E. Containers on the same host can use different operating systems, as the container hypervisor creates separate kernel execution."
      ],
      "correctAnswer": ["A", "B", "D"]
    },
    {
      "index": 68,
      "questionType": "single-choice",
      "question": "The installation of a local Debian package failed due to unsatisfied dependencies. Which of the following commands installs missing dependencies and completes the interrupted package installation?",
      "options": [
        "A. dpkg --fix --all",
        "B. apt-get autoinstall",
        "C. dpkg-reconfigure --all",
        "D. apt-get all",
        "E. apt-get install -f"
      ],
      "correctAnswer": ["E"]
    },
    {
      "index": 69,
      "questionType": "single-choice",
      "question": "Which of the following commands lists all currently installed packages when using RPM package management?",
      "options": [
        "A. yum --query --all",
        "B. yum --list --installed",
        "C. rpm --query --list",
        "D. rpm --list --installed",
        "E. rpm --query --all"
      ],
      "correctAnswer": ["E"]
    },
    {
      "index": 70,
      "questionType": "multiple-choice",
      "question": "Which of the following commands are valid in the GRUB 2 configuration file? (Choose two.)",
      "options": [
        "A. menuentry",
        "B. uefi",
        "C. pxe-ifconfig",
        "D. insmod",
        "E. kpartx"
      ],
      "correctAnswer": ["A", "D"]
    },
    {
      "index": 71,
      "questionType": "single-choice",
      "question": "What is the purpose of the ldd command?",
      "options": [
        "A. It lists which shared libraries a binary needs to run.",
        "B. It installs and updates installed shared libraries.",
        "C. It turns a dynamically linked binary into a static binary.",
        "D. It defines which version of a library should be used by default.",
        "E. It runs a binary with an alternate library search path."
      ],
      "correctAnswer": ["A"]
    },
    {
      "index": 72,
      "questionType": "multiple-choice",
      "question": "What can the Logical Volume Manager (LVM) be used for? (Choose three.)",
      "options": [
        "A. To create snapshots.",
        "B. To dynamically change the size of logical volumes.",
        "C. To dynamically create or delete logical volumes.",
        "D. To create RAID 9 arrays.",
        "E. To encrypt logical volumes."
      ],
      "correctAnswer": ["A", "B", "C"]
    },
    {
      "index": 73,
      "questionType": "multiple-choice",
      "question": "What are the main differences between GPT and MBR partition tables regarding maximum number and size of partitions? (Choose two.)",
      "options": [
        "A. MBR can handle partition sizes up to 4 TB, whereas GPT supports partition sizes up to 128 ZB.",
        "B. By default, GPT can manage up to 128 partitions while MBR only supports four primary partitions.",
        "C. By default, GPT can manage up to 64 partitions while MBR only supports 16 primary partitions.",
        "D. MBR can handle partition sizes up to 2.2 TB, whereas GPT supports sizes up to 9.4 ZB.",
        "E. Both GPT and MBR support up to four primary partitions, each with up to 4096 TB."
      ],
      "correctAnswer": ["B", "D"]
    },
    {
      "index": 74,
      "questionType": "multiple-choice",
      "question": "A backup software heavily uses hard links between files which have not been changed in between two backup runs. Which benefits are realized due to these hard links? (Choose two.)",
      "options": [
        "A. The old backups can be moved to slow backup media, such as tapes, while still serving as hard link target in new backups.",
        "B. The backup runs faster because hard links are asynchronous operations, postponing the copy operation to a later point in time.",
        "C. The backup is guaranteed to be uncharged because a hard linked file cannot be modified after its creation.",
        "D. The backup consumes less space because the hard links point to the same data on disk instead of storing redundant copies.",
        "E. The backup runs faster because, instead of copying the data of each file, hard links only change file system meta data."
      ],
      "correctAnswer": ["D", "E"]
    },
    {
      "index": 75,
      "questionType": "fill-in",
      "question": "Which file from the /proc/ filesystem contains a list of all currently mounted devices? (Specify the full name of the file, including path.)",
      "options": [],
      "correctAnswer": ["/proc/mounts"]
    },
    {
      "index": 76,
      "questionType": "single-choice",
      "question": "How many fields are in a syntactically correct line of /etc/fstab?",
      "options": ["A. 3", "B. 4", "C. 5", "D. 6", "E. 7"],
      "correctAnswer": ["D"]
    },
    {
      "index": 77,
      "questionType": "multiple-choice",
      "question": "Running chmod 640 filea.txt as a regular user doesn\u2019t update filea.txt\u2019s permission. What might be a reason why chmod cannot modify the permissions? (Choose two.)",
      "options": [
        "A. filea.txt is owned by another user and a regular user cannot change the permissions of another user\u2019s file.",
        "B. filea.txt is a symbolic link whose permissions are a fixed value which cannot be changed.",
        "C. filea.txt has the sticky bit set and a regular user cannot remove this permission.",
        "D. filea.txt is a hard link whose permissions are inherited from the target and cannot be set directly.",
        "E. filea.txt has the SetUID bit set which imposes the restriction that only the root user can make changes to the file."
      ],
      "correctAnswer": ["A", "B"]
    },
    {
      "index": 78,
      "questionType": "multiple-choice",
      "question": "Which of the following Linux filesystems preallocate a fixed number of inodes when creating a new filesystem instead of generating them as needed? (Choose two.)",
      "options": ["A. JFS", "B. ext3", "C. XFS", "D. ext2", "E. procfs"],
      "correctAnswer": ["B", "D"]
    },
    {
      "index": 79,
      "questionType": "single-choice",
      "question": "Which of the following commands sets the SetUID permission on the executable /bin/foo?",
      "options": [
        "A. chmod 4755 /bin/foo",
        "B. chmod 1755 /bin/foo",
        "C. chmod u-s /bin/foo",
        "D. chmod 755+s /bin/foo",
        "E. chmod 2755 /bin/foo"
      ],
      "correctAnswer": ["A"]
    },
    {
      "index": 80,
      "questionType": "multiple-choice",
      "question": "Which of the following commands can be used to display the inode number of a given file? (Choose two.)",
      "options": ["A. inode", "B. ln", "C. ls", "D. cp", "E. stat"],
      "correctAnswer": ["C", "E"]
    },
    {
      "index": 81,
      "questionType": "single-choice",
      "question": "Which of the following settings for umask ensures that new files have the default permissions -rw-r-----?",
      "options": ["A. 0017", "B. 0640", "C. 0038", "D. 0227", "E. 0027"],
      "correctAnswer": ["E"]
    },
    {
      "index": 82,
      "questionType": "single-choice",
      "question": "After a power outage, the XFS file system of /dev/sda3 is inconsistent. How can the existing file system errors be fixed?",
      "options": [
        "A. By using mount -f to force a mount of the file system",
        "B. By running xfsck on the file system",
        "C. By mounting the file system with the option xfs_repair",
        "D. By running xfsadmin repairon the file system",
        "E. By running xfs_repair on the file system"
      ],
      "correctAnswer": ["E"]
    },
    {
      "index": 83,
      "questionType": "single-choice",
      "question": "Which of the following properties of an existing file changes when a hard link pointing to that file is created?",
      "options": [
        "A. File size",
        "B. Link count",
        "C. Modify timestamp",
        "D. Inode number",
        "E. Permissions"
      ],
      "correctAnswer": ["B"]
    },
    {
      "index": 84,
      "questionType": "fill-in",
      "question": "Following the Filesystem Hierarchy Standard (FHS), where should binaries that have been compiled by the system administrator be placed in order to be made available to all users on the system? (Specify the full path to the directory.)",
      "options": [],
      "correctAnswer": ["/usr/local/bin"]
    },
    {
      "index": 85,
      "questionType": "single-choice",
      "question": "Which of the following commands show how the shell handles a specific command?",
      "options": ["A. where", "B. type", "C. stat", "D. case", "E. fileinfo"],
      "correctAnswer": ["B"]
    },
    {
      "index": 86,
      "questionType": "single-choice",
      "question": "When in Normal mode in vi, which character can be used to begin a reverse search of the text?",
      "options": ["A. r", "B. /", "C. F", "D. ?", "E. s"],
      "correctAnswer": ["D"]
    },
    {
      "index": 87,
      "questionType": "single-choice",
      "question": "Which of the following commands displays the manual page command from section 1?",
      "options": [
        "A. man command(1)",
        "B. man command@1",
        "C. man 1 command",
        "D. man 1.command",
        "E. man -s 1 command"
      ],
      "correctAnswer": ["C"]
    },
    {
      "index": 88,
      "questionType": "single-choice",
      "question": "Which of the following commands creates or, in case it already exists, overwrites a file called data with the output of ls?",
      "options": [
        "A. ls 3> data",
        "B. ls >& data",
        "C. ls > data",
        "D. ls >> data",
        "E. ls >>> data"
      ],
      "correctAnswer": ["C"]
    },
    {
      "index": 89,
      "questionType": "single-choice",
      "question": "Which of the following commands is used to change options and positional parameters within a running Bash shell?",
      "options": [
        "A. history",
        "B. setsh",
        "C. bashconf",
        "D. set",
        "E. envsetup"
      ],
      "correctAnswer": ["D"]
    },
    {
      "index": 90,
      "questionType": "multiple-choice",
      "question": "Which of the following commands display the IDs of all processes owned by root? (Choose two.)",
      "options": [
        "A. pgrep -c root",
        "B. pgrep -u root",
        "C. pgrep -f root",
        "D. pgrep -U 0",
        "E. pgrep -c 0"
      ],
      "correctAnswer": ["B", "D"]
    },
    {
      "index": 91,
      "questionType": "multiple-choice",
      "question": "Which of the following sequences in the vi editor saves the opened document and exits the editor? (Choose two.)",
      "options": [
        "A. Ctrl XX",
        "B. Ctrl :W",
        "C. Esc zz",
        "D. Esc :wq",
        "E. Esc ZZ"
      ],
      "correctAnswer": ["D", "E"]
    },
    {
      "index": 92,
      "questionType": "single-choice",
      "question": "What is the effect of the -v option for the grep command?",
      "options": [
        "A. It enables color to highlight matching parts.",
        "B. It shows the command\u2019s version information.",
        "C. It only outputs non-matching lines.",
        "D. It changes the output order showing the last matching line first.",
        "E. It outputs all lines and prefixes matching lines with a+."
      ],
      "correctAnswer": ["C"]
    },
    {
      "index": 93,
      "questionType": "multiple-choice",
      "question": "Which of the following tools can show the complete path of an executable file that the current shell would execute when starting a command without specifying its complete path? (Choose two.)",
      "options": ["A. find", "B. pwd", "C. which", "D. locate", "E. type"],
      "correctAnswer": ["C", "E"]
    },
    {
      "index": 94,
      "questionType": "single-choice",
      "question": "Which of the following signals is sent to a process when the key combination Ctrl+Z is pressed on the keyboard?",
      "options": [
        "A. SIGTERM",
        "B. SIGCONT",
        "C. SIGSTOP",
        "D. SIGKILL",
        "E. SIGINT"
      ],
      "correctAnswer": ["C"]
    },
    {
      "index": 95,
      "questionType": "single-choice",
      "question": "What is the output when the regular expression 's/[ABC][abc]/xx/' is applied to the following string? ABCabc",
      "options": [
        "A. ABxxbc",
        "B. xxCxxc",
        "C. xxxxxx",
        "D. ABCabc",
        "E. Axxaxx"
      ],
      "correctAnswer": ["A"]
    },
    {
      "index": 96,
      "questionType": "multiple-choice",
      "question": "Which of the following commands print the current working directory when using a Bash shell? (Choose two.)",
      "options": [
        "A. echo \"${PWD}\"",
        "B. echo \"${WD}\"",
        "C. printwd",
        "D. pwd",
        "E. echo \"${pwd}\""
      ],
      "correctAnswer": ["A", "D"]
    },
    {
      "index": 97,
      "questionType": "single-choice",
      "question": "Which of the following commands outputs test to the shell? ++++++++++++++++++++++++++++++++++++++++++++++++++",
      "options": [
        "A.  cat <!EOT",
        "B.  cat <|EOT",
        "C.  cat !<EOT",
        "D.  cat &<EOT",
        "E.  cat <<EOT"
      ],
      "correctAnswer": ["E"]
    },
    {
      "index": 98,
      "questionType": "single-choice",
      "question": "What is the default nice level when a process is started using the nice command?",
      "options": ["A. -10", "B. 0", "C. 10", "D. 15", "E. 20"],
      "correctAnswer": ["C"]
    },
    {
      "index": 99,
      "questionType": "single-choice",
      "question": "A user accidentally created the subdirectory \\dir in his home directory. Which of the following commands will remove that directory?",
      "options": [
        "A. rmdir ~/\\\\dir",
        "B. rmdir \"~/\\dir\"",
        "C. rmdir ~/\u2019dir\u2019",
        "D. rmdir ~/\\dir",
        "E. rmdir '~/\\dir\u2019"
      ],
      "correctAnswer": ["A"]
    },
    {
      "index": 100,
      "questionType": "single-choice",
      "question": "Which of the following commands can perform searches on file contents using regular expressions?",
      "options": ["A. find", "B. locate", "C. grep", "D. reggrep", "E. pgrep"],
      "correctAnswer": ["C"]
    },
    {
      "index": 101,
      "questionType": "single-choice",
      "question": "In a nested directory structure, which find command line option would be used to restrict the command to searching down a particular number of subdirectories?",
      "options": [
        "A. -maxdepth",
        "B. -dirmax",
        "C. -maxlevels",
        "D. -s",
        "E. -n"
      ],
      "correctAnswer": ["A"]
    },
    {
      "index": 102,
      "questionType": "single-choice",
      "question": "Which of the following commands determines a file\u2019s format by using a definition database file which contains information about all common file types?",
      "options": ["A. type", "B. file", "C. magic", "D. pmagic", "E. hash"],
      "correctAnswer": ["B"]
    },
    {
      "index": 103,
      "questionType": "single-choice",
      "question": "Which of the following commands generates a list of user names from /etc/passwd along with their login shell?",
      "options": [
        "A. column -s : 1,7 /etc/passwd",
        "B. chop -c 1,7 /etc/passwd",
        "C. colrm 1,7 /etc/passwd",
        "D. sort -t: -k1,7 /etc/passwd",
        "E. cut -d: -f1,7 /etc/passwd"
      ],
      "correctAnswer": ["E"]
    },
    {
      "index": 104,
      "questionType": "single-choice",
      "question": "If the gzip compressed tar archive texts.tgz contains the files a.txt and b.txt, which files will be present in the current directory after running gunzip texts.tgz?",
      "options": [
        "A. Only a.txt, b.txt, and texts.tgz",
        "B. Only texts.tar and texts.tgz",
        "C. Only a.txt.gz and b.txt.gz",
        "D. Only a.txt and b.txt",
        "E. Only texts.tar"
      ],
      "correctAnswer": ["E"]
    },
    {
      "index": 105,
      "questionType": "single-choice",
      "question": "In the vi editor, how can commands such as moving the cursor or copying lines into the buffer be issued multiple times or applied to multiple rows?",
      "options": [
        "A. By using the command :repeat followed by the number and the command",
        "B. By specifying the number right in front of a command such as 4l or 2yj.",
        "C. By selecting all affected lines using the shit and cursor keys before applying the command.",
        "D. By issuing a command such as :set repetition=4 with repeats every subsequent command 4 times.",
        "E. By specifying the number after a command such as l4 or yj2 followed by escape."
      ],
      "correctAnswer": ["B"]
    },
    {
      "index": 106,
      "questionType": "single-choice",
      "question": "Which of the following statements is correct for a command ending with an & character?",
      "options": [
        "A. The command\u2019s output is redirected to /dev/null.",
        "B. The command is run in background of the current shell.",
        "C. The command\u2019s output is executed by the shell.",
        "D. The command is run as a direct child of the init process.",
        "E. The command\u2019s input is read from /dev/null."
      ],
      "correctAnswer": ["B"]
    },
    {
      "index": 107,
      "questionType": "single-choice",
      "question": "Which of the following commands reads a file and creates separate chunks of a given size from the file\u2019s contents?",
      "options": ["A. ar", "B. cat", "C. break", "D. split", "E. parted"],
      "correctAnswer": ["D"]
    },
    {
      "index": 108,
      "questionType": "single-choice",
      "question": "What is the purpose of the xargs command?",
      "options": [
        "A. It passes arguments to an X server.",
        "B. It repeats the execution of a command using different parameters for each invocation.",
        "C. It reads standard input and builds up commands to execute.",
        "D. It asks a question, graphically, and returns the answer to the shell.",
        "E. It allows specifying long options (like --help) for commands that normally only accept short options (like -h)"
      ],
      "correctAnswer": ["C"]
    },
    {
      "index": 109,
      "questionType": "fill-in",
      "question": "Which command displays a list of all background tasks running in the current shell? (Specify ONLY the command without any path or parameters.)",
      "options": [],
      "correctAnswer": ["jobs"]
    },
    {
      "index": 110,
      "questionType": "fill-in",
      "question": "Which command is used to change the priority of an already running process? (Specify ONLY the command without any path or parameters.)",
      "options": [],
      "correctAnswer": ["renice"]
    },
    {
      "index": 111,
      "questionType": "single-choice",
      "question": "In Bash, inserting 1>&2 after a command redirects\u2026",
      "options": [
        "A. \u2026standard error to standard input.",
        "B. \u2026standard output to standard error.",
        "C. \u2026standard input to standard error.",
        "D. \u2026standard error to standard output.",
        "E. \u2026standard output to standard input."
      ],
      "correctAnswer": ["B"]
    },
    {
      "index": 112,
      "questionType": "single-choice",
      "question": "When booting from the hard disk, a computer successfully loads the Linux kernel and initramfs but hangs during the subsequent startup tasks. The system is booted using a Linux based rescue CD to investigate the problem. Which of the following methods helps to identify the root cause of the problem?",
      "options": [
        "A. Using the dmesg command from the rescue CD\u2019s shell to view the original system\u2019s boot logs.",
        "B. Investigating the file /proc/kmsg on the computer\u2019s hard disk for possible errors.",
        "C. Investigating the files in /var/log on the computer\u2019s hard disk for possible errors.",
        "D. Using chroot to switch to the file system on the hard disk and use dmesg to view the logs.",
        "E. Rebooting again from the hard drive since the system successfully booted from the rescue CD."
      ],
      "correctAnswer": ["C"]
    },
    {
      "index": 113,
      "questionType": "single-choice",
      "question": "Where is the bootloader stored on the hard disk of a UEFI system?",
      "options": [
        "A. In the EFI Boot Record (EBR).",
        "B. In the Master Boot Record (MBR).",
        "C. On the EFI System Partition (ESP).",
        "D. On the partition labeled boot.",
        "E. On the partition number 127."
      ],
      "correctAnswer": ["C"]
    },
    {
      "index": 114,
      "questionType": "single-choice",
      "question": "What is the correct way to set the default systemd boot target to multi-user?",
      "options": [
        "A. systemctl isolate multi-user.target",
        "B. systemctl set-runlevel multi-user.target",
        "C. systemctl set-boot multi-user.target",
        "D. systemctl set-default multi-user.target",
        "E. systemctl boot -p multi-user.target"
      ],
      "correctAnswer": ["D"]
    },
    {
      "index": 115,
      "questionType": "multiple-choice",
      "question": "Which of the following statements are correct about the initial RAM disk involved in the boot process of Linux? (Choose two.)",
      "options": [
        "A. An initramfs is a compressed file system archive, which can be unpacked to examine its contents.",
        "B. An initramfs file contains the MBR, the bootloader and the Linux kernel.",
        "C. After a successful boot, the initramfs contents are available in /run/initramfs/.",
        "D. The kernel uses the initramfs temporarily before accessing the real root file system.",
        "E. An initramfs does not depend on a specific kernel version and is not changed after the initial installation."
      ],
      "correctAnswer": ["A", "D"]
    },
    {
      "index": 116,
      "questionType": "single-choice",
      "question": "Which of the following commands loads a kernel module along with any required dependency modules?",
      "options": [
        "A. depmod",
        "B. modprobe",
        "C. module_install",
        "D. insmod",
        "E. loadmod"
      ],
      "correctAnswer": ["B"]
    },
    {
      "index": 117,
      "questionType": "multiple-choice",
      "question": "What information can the lspci command display about the system hardware? (Choose three.)",
      "options": [
        "A. System battery type",
        "B. Device IRQ settings",
        "C. PCI bus speed",
        "D. Ethernet MAC address",
        "E. Device vendor identification"
      ],
      "correctAnswer": ["B", "C", "E"]
    },
    {
      "index": 118,
      "questionType": "fill-in",
      "question": "Which System V init configuration file is commonly used to set the default run level? (Specify the full name of the file, including path.)",
      "options": [],
      "correctAnswer": ["/etc/inittab"]
    },
    {
      "index": 119,
      "questionType": "multiple-choice",
      "question": "Given the following two symbolic links in a System V init configuration: /etc/rc1.d/K01apache2 /etc/rc2.d/S02apache2 When are the scripts executed that are referenced by these links? (Choose two.)",
      "options": [
        "A. S02apache2 is run when runlevel 2 is entered.",
        "B. S02apache2 is run when runlevel 2 is left.",
        "C. K01apache2 is never run because K indicates a deactivated service.",
        "D. Both S02apache2 and K01apache2 are run during a system shutdown.",
        "E. K01apache2 is run when runlevel 1 is entered."
      ],
      "correctAnswer": ["A", "E"]
    }
  ]
  